benchmark,size,device,runtime,gflops
openacc_transpose,512,a100,0.012539,155.769706
openacc_transpose,1024,a100,0.021128,369.764671
openacc_transpose,2048,a100,0.060525,516.315248
openacc_transpose,4096,a100,0.238356,524.426626
openacc_transpose,8192,a100,0.837259,597.187101
openacc_transpose,16384,a100,3.777852,529.401376
asum,512,a100,0.018668,0.027374
asum,1024,a100,0.018791,0.054440
asum,2048,a100,0.018994,0.107770
asum,4096,a100,0.019286,0.212330
asum,8192,a100,0.025341,0.323232
asum,16384,a100,0.025416,0.644602
asum,32768,a100,0.026868,1.219568
asum,65536,a100,0.028575,2.293461
asum,131072,a100,0.037143,3.528866
asum,262144,a100,0.044193,5.931808
asum,524288,a100,0.057741,9.079929
asum,1048576,a100,0.083774,12.516642
asum,2097152,a100,0.141153,14.857260
asum,4194304,a100,0.245879,17.058418
asum,8388608,a100,0.454104,18.472874
asum,16777216,a100,0.868811,19.310552
asum,33554432,a100,1.703881,19.692946
asum,67108864,a100,3.363146,19.954194
asum,134217728,a100,6.681204,20.088854
asum,268435456,a100,13.310199,20.167652
asum,536870912,a100,26.569441,20.206330
asum,1073741824,a100,53.084060,20.227199
scan,512,a100,0.038853,0.013152
scan,1024,a100,0.045518,0.022475
scan,2048,a100,0.051867,0.039467
scan,4096,a100,0.058208,0.070351
scan,8192,a100,0.065228,0.125575
scan,16384,a100,0.074188,0.220832
scan,32768,a100,0.090736,0.361126
scan,65536,a100,0.118442,0.553309
scan,131072,a100,0.169720,0.772279
scan,262144,a100,0.271921,0.964040
scan,524288,a100,0.486132,1.078488
scan,1048576,a100,0.928919,1.128813
scan,2097152,a100,1.858377,1.128485
scan,4194304,a100,3.807040,1.101723
scan,8388608,a100,7.896932,1.062261
scan,16777216,a100,16.454345,1.019622
scan,33554432,a100,34.323521,0.977593
scan,67108864,a100,71.614839,0.937080
scan,134217728,a100,149.294342,0.899014
scan,268435456,a100,310.863341,0.863516
scan,536870912,a100,646.423343,0.830525
add,512,a100,0.007779,0.065815
add,1024,a100,0.007742,0.132258
add,2048,a100,0.007686,0.266454
add,4096,a100,0.007739,0.529241
add,8192,a100,0.008058,1.016648
add,16384,a100,0.008323,1.968504
add,32768,a100,0.008997,3.642158
add,65536,a100,0.010752,6.095238
add,131072,a100,0.013604,9.634927
add,262144,a100,0.019913,13.164661
add,524288,a100,0.032067,16.349992
add,1048576,a100,0.056264,18.636819
add,2097152,a100,0.104858,20.000000
add,4194304,a100,0.202381,20.724759
add,8388608,a100,0.396641,21.149105
add,16777216,a100,0.784938,21.373938
add,33554432,a100,1.561643,21.486621
add,67108864,a100,3.115036,21.543530
add,134217728,a100,6.221981,21.571544
add,268435456,a100,12.435769,21.585754
add,536870912,a100,24.863442,21.592783
add,1073741824,a100,49.718551,21.596402
l2norm,512,a100,0.027156,0.037671
l2norm,1024,a100,0.026961,0.075925
l2norm,2048,a100,0.027226,0.150407
l2norm,4096,a100,0.027806,0.294580
l2norm,8192,a100,0.033794,0.484790
l2norm,16384,a100,0.035028,0.935452
l2norm,32768,a100,0.036428,1.799039
l2norm,65536,a100,0.040111,3.267699
l2norm,131072,a100,0.052234,5.018605
l2norm,262144,a100,0.064638,8.111133
l2norm,524288,a100,0.090814,11.546344
l2norm,1048576,a100,0.140794,14.895188
l2norm,2097152,a100,0.247080,16.975490
l2norm,4194304,a100,0.449034,18.681442
l2norm,8388608,a100,0.851182,19.710501
l2norm,16777216,a100,1.654269,20.283541
l2norm,33554432,a100,3.265521,20.550739
l2norm,67108864,a100,6.475008,20.728581
l2norm,134217728,a100,12.896907,20.813940
l2norm,268435456,a100,25.739967,20.857482
l2norm,536870912,a100,51.429231,20.878046
l2norm,1073741824,a100,102.796051,20.890721
mmul,512,a100,0.074251,3615.230793
mmul,1024,a100,0.486674,4412.567225
mmul,2048,a100,3.783946,4540.199066
mmul,4096,a100,30.988197,4435.203315
mmul,8192,a100,257.048918,4277.441182
mmul_wall,512,a100,2.375678,112.993203
mmul_wall,1024,a100,2.798980,767.237826
mmul_wall,2048,a100,6.131224,2802.029460
mmul_wall,4096,a100,33.405652,4114.242530
mmul_wall,8192,a100,258.877186,4247.232608
times_table,512,a100,0.010961,23.916293
times_table,1024,a100,0.014849,70.615820
times_table,2048,a100,0.024148,173.691799
times_table,4096,a100,0.071971,233.111377
times_table,8192,a100,0.378378,177.359205
times_table,16384,a100,1.516222,177.042263
times_table,32768,a100,3.132143,342.813838
transpose,512,a100,0.008990,217.262630
transpose,1024,a100,0.011727,666.206299
transpose,2048,a100,0.032256,968.812004
transpose,4096,a100,0.106499,1173.719148
transpose,8192,a100,0.414492,1206.296924
transpose,16384,a100,1.664297,1201.708618
clblast_asum,512,a100,0.026201,0.019503
clblast_asum,1024,a100,0.026750,0.038243
clblast_asum,2048,a100,0.026835,0.076281
clblast_asum,4096,a100,0.026670,0.153545
clblast_asum,8192,a100,0.026591,0.308037
clblast_asum,16384,a100,0.026767,0.612059
clblast_asum,32768,a100,0.026883,1.218875
clblast_asum,65536,a100,0.026872,2.438800
clblast_asum,131072,a100,0.026829,4.885374
clblast_asum,262144,a100,0.026994,9.711183
clblast_asum,524288,a100,0.026800,19.563054
clblast_asum,1048576,a100,0.026883,39.005808
clblast_asum,2097152,a100,0.028199,74.368716
clblast_asum,4194304,a100,0.029834,140.586239
clblast_asum,8388608,a100,0.048826,171.806342
clblast_asum,16777216,a100,0.078277,214.331237
clblast_asum,33554432,a100,0.130889,256.358253
clblast_asum,67108864,a100,0.237330,282.766147
clblast_asum,134217728,a100,0.450928,297.647611
clblast_asum,268435456,a100,0.881116,304.653880
clblast_asum,536870912,a100,1.745392,307.593353
clblast_asum,1073741824,a100,3.479269,308.611287
clblast_transpose,512,a100,0.016383,119.215860
clblast_transpose,1024,a100,0.017965,434.877771
clblast_transpose,2048,a100,0.032481,962.099854
clblast_transpose,4096,a100,0.103662,1205.846135
clblast_transpose,8192,a100,0.359474,1390.922870
clblast_transpose,16384,a100,1.402366,1426.161446
clblast_mmul,512,a100,0.066421,4041.396744
clblast_mmul,1024,a100,0.295871,7258.173013
clblast_mmul,2048,a100,2.044709,8402.108527
clblast_mmul,4096,a100,10.139713,13554.520909
clblast_mmul,8192,a100,76.767231,14322.668793
clblast_mmul,16384,a100,612.600521,14358.611725
clblast_times_tables,512,a100,0.016553,15.836813
clblast_times_tables,1024,a100,0.019122,54.835646
clblast_times_tables,2048,a100,0.027493,152.560716
clblast_times_tables,4096,a100,0.166703,100.641489
clblast_times_tables,8192,a100,0.606130,110.716878
clblast_times_tables,16384,a100,2.436635,110.166456
clblast_times_tables,32768,a100,9.517450,112.818221
openacc_scan,512,a100,0.084691,0.006034
openacc_scan,1024,a100,0.094438,0.010832
openacc_scan,2048,a100,0.102992,0.019875
openacc_scan,4096,a100,0.115032,0.035599
openacc_scan,8192,a100,0.125172,0.065438
openacc_scan,16384,a100,0.136812,0.119748
openacc_scan,32768,a100,0.147132,0.222705
openacc_scan,65536,a100,0.159027,0.412099
openacc_scan,131072,a100,0.174128,0.752728
openacc_scan,262144,a100,0.197109,1.329936
openacc_scan,524288,a100,0.236107,2.220544
openacc_scan,1048576,a100,0.307159,3.413786
openacc_scan,2097152,a100,0.442828,4.735815
openacc_scan,4194304,a100,0.718681,5.836110
openacc_scan,8388608,a100,1.314645,6.380894
openacc_scan,16777216,a100,2.517197,6.665038
openacc_scan,33554432,a100,5.053367,6.640014
openacc_scan,67108864,a100,10.352501,6.482382
openacc_scan,134217728,a100,21.453014,6.256357
openacc_scan,268435456,a100,44.669478,6.009371
openacc_scan,536870912,a100,93.132761,5.764576
openacc_scan,1073741824,a100,194.134407,5.530920
openacc_mmul,512,a100,1.351811,198.574694
openacc_mmul,1024,a100,10.937475,196.341816
openacc_mmul,2048,a100,88.202805,194.776902
openacc_mmul,4096,a100,811.420174,169.380745
openacc_times_table,512,a100,0.011300,23.199296
openacc_times_table,1024,a100,0.016009,65.499950
openacc_times_table,2048,a100,0.034257,122.436772
openacc_times_table,4096,a100,0.115897,144.760096
openacc_times_table,8192,a100,0.429250,156.339953
openacc_times_table,16384,a100,1.626560,165.032667
openacc_times_table,32768,a100,6.360861,168.804473
openacc_asum,512,a100,0.031059,0.016452
openacc_asum,1024,a100,0.030614,0.033416
openacc_asum,2048,a100,0.030378,0.067385
openacc_asum,4096,a100,0.031174,0.131359
openacc_asum,8192,a100,0.030536,0.268245
openacc_asum,16384,a100,0.031418,0.521450
openacc_asum,32768,a100,0.031319,1.046231
openacc_asum,65536,a100,0.031296,2.094070
openacc_asum,131072,a100,0.032179,4.073164
openacc_asum,262144,a100,0.033529,7.818307
openacc_asum,524288,a100,0.037347,14.038348
openacc_asum,1048576,a100,0.044034,23.812778
openacc_asum,2097152,a100,0.057094,36.731696
openacc_asum,4194304,a100,0.083445,50.264006
openacc_asum,8388608,a100,0.147167,57.000602
openacc_asum,16777216,a100,0.189535,88.517710
openacc_asum,33554432,a100,0.246994,135.850952
openacc_asum,67108864,a100,0.359421,186.713880
openacc_asum,134217728,a100,0.577307,232.489203
openacc_asum,268435456,a100,1.025617,261.730671
openacc_asum,536870912,a100,1.895987,283.161645
openacc_asum,1073741824,a100,3.637668,295.173147
openacc_transpose,512,a40,0.012509,156.133836
openacc_transpose,1024,a40,0.027774,281.289825
openacc_transpose,2048,a40,0.089526,349.061548
openacc_transpose,4096,a40,0.436414,286.425193
openacc_transpose,8192,a40,2.015447,248.083872
openacc_transpose,16384,a40,8.562456,233.577838
asum,512,a40,0.016913,0.030214
asum,1024,a40,0.017052,0.059993
asum,2048,a40,0.017008,0.120354
asum,4096,a40,0.017211,0.237934
asum,8192,a40,0.020172,0.406064
asum,16384,a40,0.022273,0.735546
asum,32768,a40,0.023260,1.408745
asum,65536,a40,0.024776,2.645134
asum,131072,a40,0.032156,4.076041
asum,262144,a40,0.037513,6.988047
asum,524288,a40,0.047963,10.931099
asum,1048576,a40,0.071463,14.673061
asum,2097152,a40,0.131598,15.936030
asum,4194304,a40,0.242052,17.328073
asum,8388608,a40,0.464143,18.073340
asum,16777216,a40,0.910755,18.421210
asum,33554432,a40,1.826328,18.372625
asum,67108864,a40,3.635059,18.461559
asum,134217728,a40,7.252880,18.505438
asum,268435456,a40,14.491378,18.523805
asum,536870912,a40,28.988994,18.519818
asum,1073741824,a40,57.963484,18.524453
scan,512,a40,0.032989,0.015490
scan,1024,a40,0.037835,0.027038
scan,2048,a40,0.041628,0.049174
scan,4096,a40,0.046896,0.087321
scan,8192,a40,0.051656,0.158567
scan,16384,a40,0.059790,0.274009
scan,32768,a40,0.072723,0.450574
scan,65536,a40,0.096664,0.677970
scan,131072,a40,0.142785,0.917962
scan,262144,a40,0.229737,1.141058
scan,524288,a40,0.425090,1.233355
scan,1048576,a40,0.833927,1.257394
scan,2097152,a40,1.699606,1.233905
scan,4194304,a40,3.505869,1.196366
scan,8388608,a40,7.292287,1.150340
scan,16777216,a40,15.225752,1.101897
scan,33554432,a40,31.805454,1.054990
scan,67108864,a40,66.400810,1.010663
scan,134217728,a40,138.478058,0.969235
scan,268435456,a40,288.390227,0.930806
scan,536870912,a40,599.725957,0.895194
add,512,a40,0.007203,0.071080
add,1024,a40,0.007098,0.144257
add,2048,a40,0.007221,0.283620
add,4096,a40,0.007174,0.570954
add,8192,a40,0.007463,1.097620
add,16384,a40,0.007754,2.112970
add,32768,a40,0.008415,3.893847
add,65536,a40,0.009912,6.611720
add,131072,a40,0.012625,10.381631
add,262144,a40,0.018270,14.347941
add,524288,a40,0.029609,17.706805
add,1048576,a40,0.052172,20.098296
add,2097152,a40,0.097217,21.571888
add,4194304,a40,0.187262,22.398023
add,8388608,a40,0.367504,22.825900
add,16777216,a40,0.727822,23.051257
add,33554432,a40,1.448429,23.166087
add,67108864,a40,2.889790,23.222745
add,134217728,a40,5.772463,23.251378
add,268435456,a40,11.537882,23.265574
add,536870912,a40,23.068415,23.272986
add,1073741824,a40,46.130046,23.276409
l2norm,512,a40,0.024603,0.041580
l2norm,1024,a40,0.024206,0.084567
l2norm,2048,a40,0.024533,0.166921
l2norm,4096,a40,0.024515,0.334116
l2norm,8192,a40,0.029964,0.546758
l2norm,16384,a40,0.030236,1.083701
l2norm,32768,a40,0.031780,2.062161
l2norm,65536,a40,0.034682,3.779252
l2norm,131072,a40,0.045324,5.783818
l2norm,262144,a40,0.055890,9.380761
l2norm,524288,a40,0.077793,13.479031
l2norm,1048576,a40,0.124776,16.807284
l2norm,2097152,a40,0.231512,18.116965
l2norm,4194304,a40,0.433623,19.345410
l2norm,8388608,a40,0.838838,20.000550
l2norm,16777216,a40,1.648740,20.351555
l2norm,33554432,a40,3.276876,20.479527
l2norm,67108864,a40,6.528344,20.559230
l2norm,134217728,a40,13.032399,20.597547
l2norm,268435456,a40,26.043714,20.614223
l2norm,536870912,a40,52.072994,20.619936
l2norm,1073741824,a40,104.125714,20.623951
mmul,512,a40,0.110830,2422.042337
mmul,1024,a40,0.765457,2805.492353
mmul,2048,a40,6.005099,2860.880133
mmul,4096,a40,54.199897,2535.778884
mmul,8192,a40,491.122330,2238.773440
mmul_wall,512,a40,2.476326,108.400688
mmul_wall,1024,a40,3.092150,694.495377
mmul_wall,2048,a40,8.323740,2063.960444
mmul_wall,4096,a40,54.977115,2499.930251
mmul_wall,8192,a40,495.115210,2220.718746
times_table,512,a40,0.009324,28.115648
times_table,1024,a40,0.011979,87.537734
times_table,2048,a40,0.025762,162.810225
times_table,4096,a40,0.078901,212.635536
times_table,8192,a40,0.291145,230.500059
times_table,16384,a40,1.138152,235.852106
times_table,32768,a40,4.528304,237.117897
transpose,512,a40,0.008391,232.765825
transpose,1024,a40,0.021029,371.511478
transpose,2048,a40,0.065070,480.248612
transpose,4096,a40,0.248690,502.634416
transpose,8192,a40,0.992253,503.903925
transpose,16384,a40,4.151652,481.735904
openacc_scan,512,a40,0.072639,0.007035
openacc_scan,1024,a40,0.080807,0.012660
openacc_scan,2048,a40,0.089795,0.022796
openacc_scan,4096,a40,0.098885,0.041412
openacc_scan,8192,a40,0.106615,0.076828
openacc_scan,16384,a40,0.115698,0.141601
openacc_scan,32768,a40,0.127126,0.257752
openacc_scan,65536,a40,0.138247,0.474043
openacc_scan,131072,a40,0.152501,0.859478
openacc_scan,262144,a40,0.173677,1.509371
openacc_scan,524288,a40,0.208997,2.508591
openacc_scan,1048576,a40,0.275426,3.807097
openacc_scan,2097152,a40,0.771911,2.716829
openacc_scan,4194304,a40,1.464230,2.864511
openacc_scan,8388608,a40,2.931058,2.861972
openacc_scan,16777216,a40,6.043796,2.775940
openacc_scan,33554432,a40,12.613067,2.660291
openacc_scan,67108864,a40,26.459336,2.536302
openacc_scan,134217728,a40,55.366714,2.424159
openacc_scan,268435456,a40,115.807586,2.317944
openacc_scan,536870912,a40,242.119520,2.217380
openacc_scan,1073741824,a40,506.042957,2.121839
openacc_mmul,512,a40,2.316387,115.885396
openacc_mmul,1024,a40,17.427754,123.222054
openacc_mmul,2048,a40,161.006843,106.702727
openacc_times_table,512,a40,0.009924,26.415400
openacc_times_table,1024,a40,0.014265,73.505591
openacc_times_table,2048,a40,0.046800,89.622518
openacc_times_table,4096,a40,0.159791,104.994656
openacc_times_table,8192,a40,0.568338,118.079161
openacc_times_table,16384,a40,2.229228,120.416357
openacc_times_table,32768,a40,8.384623,128.060838
openacc_asum,512,a40,0.028952,0.017650
openacc_asum,1024,a40,0.028700,0.035645
openacc_asum,2048,a40,0.029140,0.070246
openacc_asum,4096,a40,0.028936,0.141518
openacc_asum,8192,a40,0.029041,0.282049
openacc_asum,16384,a40,0.029309,0.558980
openacc_asum,32768,a40,0.028809,1.137390
openacc_asum,65536,a40,0.029336,2.233943
openacc_asum,131072,a40,0.030268,4.330315
openacc_asum,262144,a40,0.031920,8.212478
openacc_asum,524288,a40,0.035281,14.860285
openacc_asum,1048576,a40,0.041798,25.086562
openacc_asum,2097152,a40,0.059289,35.371885
openacc_asum,4194304,a40,0.098377,42.635139
openacc_asum,8388608,a40,0.180513,46.471014
openacc_asum,16777216,a40,0.221095,75.882230
openacc_asum,33554432,a40,0.333282,100.678894
openacc_asum,67108864,a40,0.560075,119.821213
openacc_asum,134217728,a40,1.015829,132.126240
openacc_asum,268435456,a40,1.925573,139.405514
openacc_asum,536870912,a40,3.743574,143.411307
openacc_asum,1073741824,a40,7.393851,145.220911
openacc_transpose,512,h100,0.009934,196.604209
openacc_transpose,1024,h100,0.016316,478.813667
openacc_transpose,2048,h100,0.042931,727.911180
openacc_transpose,4096,h100,0.138660,901.483932
openacc_transpose,8192,h100,0.547949,912.494479
openacc_transpose,16384,h100,2.458875,813.380115
asum,512,h100,0.019957,0.025605
asum,1024,h100,0.020392,0.050167
asum,2048,h100,0.020295,0.100860
asum,4096,h100,0.020551,0.199264
asum,8192,h100,0.026097,0.313871
asum,16384,h100,0.026595,0.616025
asum,32768,h100,0.027243,1.202772
asum,65536,h100,0.028753,2.279231
asum,131072,h100,0.036184,3.622302
asum,262144,h100,0.041202,6.362333
asum,524288,h100,0.051529,10.174672
asum,1048576,h100,0.073294,14.306358
asum,2097152,h100,0.120866,17.351039
asum,4194304,h100,0.205134,20.446610
asum,8388608,h100,0.373484,22.460409
asum,16777216,h100,0.709591,23.643484
asum,33554432,h100,1.387401,24.185106
asum,67108864,h100,2.733452,24.550957
asum,134217728,h100,5.424241,24.744056
asum,268435456,h100,10.790895,24.876106
asum,536870912,h100,21.545951,24.917486
asum,1073741824,h100,43.043049,24.945766
scan,512,h100,0.039344,0.012988
scan,1024,h100,0.043921,0.023292
scan,2048,h100,0.049975,0.040961
scan,4096,h100,0.055810,0.073374
scan,8192,h100,0.061438,0.133321
scan,16384,h100,0.069188,0.236789
scan,32768,h100,0.082388,0.397714
scan,65536,h100,0.105469,0.621367
scan,131072,h100,0.146274,0.896067
scan,262144,h100,0.230123,1.139145
scan,524288,h100,0.402406,1.302881
scan,1048576,h100,0.761099,1.377711
scan,2097152,h100,1.515101,1.384165
scan,4194304,h100,3.095205,1.355097
scan,8388608,h100,6.404788,1.309740
scan,16777216,h100,13.337677,1.257881
scan,33554432,h100,27.832686,1.205576
scan,67108864,h100,58.069257,1.155669
scan,134217728,h100,121.065024,1.108642
scan,268435456,h100,252.084657,1.064862
scan,536870912,h100,524.194937,1.024182
add,512,h100,0.009450,0.054179
add,1024,h100,0.009574,0.106953
add,2048,h100,0.009630,0.212662
add,4096,h100,0.009579,0.427586
add,8192,h100,0.009719,0.842868
add,16384,h100,0.010206,1.605292
add,32768,h100,0.010725,3.055339
add,65536,h100,0.011916,5.499699
add,131072,h100,0.014323,9.151212
add,262144,h100,0.019304,13.579439
add,524288,h100,0.029239,17.930820
add,1048576,h100,0.048710,21.527091
add,2097152,h100,0.088212,23.773921
add,4194304,h100,0.167163,25.091121
add,8388608,h100,0.324462,25.853878
add,16777216,h100,0.639357,26.240750
add,33554432,h100,1.268953,26.442613
add,67108864,h100,2.528730,26.538560
add,134217728,h100,5.047846,26.589110
add,268435456,h100,10.086136,26.614300
add,536870912,h100,20.162861,26.626723
add,1073741824,h100,40.316276,26.632961
l2norm,512,h100,0.029976,0.034128
l2norm,1024,h100,0.029657,0.069023
l2norm,2048,h100,0.029859,0.137146
l2norm,4096,h100,0.030234,0.270918
l2norm,8192,h100,0.035481,0.461736
l2norm,16384,h100,0.037143,0.882183
l2norm,32768,h100,0.037481,1.748507
l2norm,65536,h100,0.040502,3.236188
l2norm,131072,h100,0.050434,5.197758
l2norm,262144,h100,0.060053,8.730345
l2norm,524288,h100,0.081198,12.913801
l2norm,1048576,h100,0.121807,17.217016
l2norm,2097152,h100,0.208250,20.140712
l2norm,4194304,h100,0.371986,22.550870
l2norm,8388608,h100,0.696185,24.098802
l2norm,16777216,h100,1.347467,24.901855
l2norm,33554432,h100,2.654651,25.279731
l2norm,67108864,h100,5.258169,25.525562
l2norm,134217728,h100,10.464104,25.652980
l2norm,268435456,h100,20.876735,25.716229
l2norm,536870912,h100,41.707365,25.744658
l2norm,1073741824,h100,83.358232,25.762107
mmul,512,h100,0.055446,4841.353288
mmul,1024,h100,0.353923,6067.661493
mmul,2048,h100,2.658926,6461.206405
mmul,4096,h100,20.851574,6591.298828
mmul,8192,h100,166.319630,6610.834978
mmul,16384,h100,1329.791042,6614.643010
mmul_wall,512,h100,2.678325,100.225138
mmul_wall,1024,h100,2.990436,718.117255
mmul_wall,2048,h100,5.325706,3225.838636
mmul_wall,4096,h100,23.580647,5828.464068
mmul_wall,8192,h100,169.188800,6498.725837
mmul_wall,16384,h100,1332.772619,6599.845239
times_table,512,h100,0.011386,23.024236
times_table,1024,h100,0.014227,73.701541
times_table,2048,h100,0.023618,177.590620
times_table,4096,h100,0.065224,257.223823
times_table,8192,h100,0.277673,241.683359
times_table,16384,h100,1.082783,247.912622
times_table,32768,h100,4.656399,230.594901
transpose,512,h100,0.010259,190.388000
transpose,1024,h100,0.012431,628.473599
transpose,2048,h100,0.023496,1330.031733
transpose,4096,h100,0.080414,1554.457238
transpose,8192,h100,0.294055,1700.362871
transpose,16384,h100,1.160224,1723.804868
clblast_asum,512,h100,0.019018,0.026869
clblast_asum,1024,h100,0.019181,0.053334
clblast_asum,2048,h100,0.021294,0.096130
clblast_asum,4096,h100,0.019280,0.212397
clblast_asum,8192,h100,0.019236,0.425816
clblast_asum,16384,h100,0.019331,0.847513
clblast_asum,32768,h100,0.019271,1.700311
clblast_asum,65536,h100,0.019341,3.388344
clblast_asum,131072,h100,0.019680,6.660269
clblast_asum,262144,h100,0.019852,13.204720
clblast_asum,524288,h100,0.020565,25.494215
clblast_asum,1048576,h100,0.020705,50.642716
clblast_asum,2097152,h100,0.021482,97.621593
clblast_asum,4194304,h100,0.022460,186.747903
clblast_asum,8388608,h100,0.024932,336.457142
clblast_asum,16777216,h100,0.041909,400.329456
clblast_asum,33554432,h100,0.063157,531.289946
clblast_asum,67108864,h100,0.106124,632.362879
clblast_asum,134217728,h100,0.191270,701.719891
clblast_asum,268435456,h100,0.360802,743.995758
clblast_asum,536870912,h100,0.699983,766.976734
clblast_asum,1073741824,h100,1.378162,779.111351
clblast_transpose,512,h100,0.012918,151.195346
clblast_transpose,1024,h100,0.014849,526.137572
clblast_transpose,2048,h100,0.022621,1381.483951
clblast_transpose,4096,h100,0.064722,1931.326062
clblast_transpose,8192,h100,0.234632,2130.997751
clblast_transpose,16384,h100,0.945947,2114.282639
clblast_mmul,512,h100,0.056031,4790.814616
clblast_mmul,1024,h100,0.307674,6979.746043
clblast_mmul,2048,h100,0.999954,17180.659993
clblast_mmul,4096,h100,6.815301,20166.233535
clblast_mmul,8192,h100,52.829680,20812.384607
clblast_mmul,16384,h100,417.479741,21069.508689
clblast_times_tables,512,h100,0.014550,18.017069
clblast_times_tables,1024,h100,0.020719,50.609859
clblast_times_tables,2048,h100,0.043822,95.711456
clblast_times_tables,4096,h100,0.186094,90.154385
clblast_times_tables,8192,h100,0.676851,99.148594
clblast_times_tables,16384,h100,2.750569,97.592690
clblast_times_tables,32768,h100,11.721079,91.607766
openacc_scan,512,h100,0.066938,0.007634
openacc_scan,1024,h100,0.075414,0.013565
openacc_scan,2048,h100,0.084754,0.024152
openacc_scan,4096,h100,0.093127,0.043972
openacc_scan,8192,h100,0.099380,0.082421
openacc_scan,16384,h100,0.110405,0.148390
openacc_scan,32768,h100,0.117906,0.277909
openacc_scan,65536,h100,0.126794,0.516863
openacc_scan,131072,h100,0.139949,0.936561
openacc_scan,262144,h100,0.156260,1.677608
openacc_scan,524288,h100,0.187873,2.790646
openacc_scan,1048576,h100,0.257616,4.070300
openacc_scan,2097152,h100,0.357813,5.861019
openacc_scan,4194304,h100,0.580382,7.226793
openacc_scan,8388608,h100,1.052069,7.973438
openacc_scan,16777216,h100,2.019562,8.307355
openacc_scan,33554432,h100,4.001656,8.385135
openacc_scan,67108864,h100,8.117313,8.267374
openacc_scan,134217728,h100,16.664769,8.053980
openacc_scan,268435456,h100,34.397852,7.803843
openacc_scan,536870912,h100,71.118165,7.548998
openacc_scan,1073741824,h100,146.906112,7.309034
openacc_mmul,512,h100,0.806085,333.011289
openacc_mmul,1024,h100,7.830024,274.262732
openacc_mmul,2048,h100,64.889642,264.755184
openacc_mmul,4096,h100,516.960125,265.859873
openacc_times_table,512,h100,0.009072,28.896141
openacc_times_table,1024,h100,0.012777,82.064844
openacc_times_table,2048,h100,0.027674,151.562622
openacc_times_table,4096,h100,0.087455,191.839105
openacc_times_table,8192,h100,0.324576,206.758239
openacc_times_table,16384,h100,1.271807,211.066137
openacc_times_table,32768,h100,5.057709,212.298083
openacc_asum,512,h100,0.025883,0.019743
openacc_asum,1024,h100,0.027630,0.037025
openacc_asum,2048,h100,0.026205,0.078116
openacc_asum,4096,h100,0.026229,0.156123
openacc_asum,8192,h100,0.026386,0.310433
openacc_asum,16384,h100,0.026647,0.614822
openacc_asum,32768,h100,0.026356,1.243260
openacc_asum,65536,h100,0.026832,2.442376
openacc_asum,131072,h100,0.027741,4.724783
openacc_asum,262144,h100,0.029133,8.998131
openacc_asum,524288,h100,0.031758,16.508618
openacc_asum,1048576,h100,0.037533,27.937147
openacc_asum,2097152,h100,0.048774,42.997059
openacc_asum,4194304,h100,0.071146,58.953608
openacc_asum,8388608,h100,0.117336,71.491945
openacc_asum,16777216,h100,0.143143,117.206014
openacc_asum,33554432,h100,0.180820,185.568262
openacc_asum,67108864,h100,0.244174,274.840315
openacc_asum,134217728,h100,0.359190,373.667384
openacc_asum,268435456,h100,0.589608,455.278155
openacc_asum,536870912,h100,1.049495,511.551468
openacc_asum,1073741824,h100,1.971823,544.542684
asum,512,l40s,0.012315,0.041494
asum,1024,l40s,0.012422,0.082351
asum,2048,l40s,0.012446,0.164468
asum,4096,l40s,0.012819,0.319437
asum,8192,l40s,0.015910,0.514847
asum,16384,l40s,0.016178,1.012677
asum,32768,l40s,0.016942,1.934075
asum,65536,l40s,0.018115,3.617629
asum,131072,l40s,0.023882,5.488323
asum,262144,l40s,0.028320,9.256305
asum,524288,l40s,0.037809,13.866763
asum,1048576,l40s,0.056333,18.613944
asum,2097152,l40s,0.097403,21.530667
asum,4194304,l40s,0.170349,24.621857
asum,8388608,l40s,0.318488,26.338840
asum,16777216,l40s,0.614719,27.292496
asum,33554432,l40s,1.210287,27.724369
asum,67108864,l40s,2.394445,28.026895
asum,134217728,l40s,4.761704,28.186911
asum,268435456,l40s,9.496429,28.266990
asum,536870912,l40s,18.970693,28.300016
asum,1073741824,l40s,37.907016,28.325675
scan,512,l40s,0.024352,0.020984
scan,1024,l40s,0.027769,0.036840
scan,2048,l40s,0.031305,0.065388
scan,4096,l40s,0.036112,0.113398
scan,8192,l40s,0.041565,0.197063
scan,16384,l40s,0.047027,0.348373
scan,32768,l40s,0.057399,0.570864
scan,65536,l40s,0.075926,0.863139
scan,131072,l40s,0.111949,1.170815
scan,262144,l40s,0.185192,1.415522
scan,524288,l40s,0.335490,1.562750
scan,1048576,l40s,0.651536,1.609389
scan,2097152,l40s,1.312572,1.597742
scan,4194304,l40s,2.703556,1.551402
scan,8388608,l40s,5.621111,1.492340
scan,16777216,l40s,11.725665,1.430811
scan,33554432,l40s,24.494658,1.369867
scan,67108864,l40s,51.133312,1.312429
scan,134217728,l40s,106.617830,1.258868
scan,268435456,l40s,222.021811,1.209050
scan,536870912,l40s,461.699817,1.162814
add,512,l40s,0.005675,0.090228
add,1024,l40s,0.005690,0.179976
add,2048,l40s,0.005748,0.356314
add,4096,l40s,0.005944,0.689065
add,8192,l40s,0.006144,1.333375
add,16384,l40s,0.006217,2.635412
add,32768,l40s,0.006684,4.902759
add,65536,l40s,0.007945,8.248253
add,131072,l40s,0.010030,13.067683
add,262144,l40s,0.014413,18.188116
add,524288,l40s,0.023024,22.770958
add,1048576,l40s,0.040309,26.013451
add,2097152,l40s,0.075059,27.939949
add,4194304,l40s,0.144400,29.046414
add,8388608,l40s,0.283153,29.625742
add,16777216,l40s,0.560618,29.926305
add,33554432,l40s,1.116329,30.057846
add,67108864,l40s,2.225192,30.158681
add,134217728,l40s,4.444612,30.197849
add,268435456,l40s,8.883382,30.217710
add,536870912,l40s,17.760735,30.227967
add,1073741824,l40s,35.515409,30.233126
l2norm,512,l40s,0.018154,0.056352
l2norm,1024,l40s,0.018356,0.111518
l2norm,2048,l40s,0.018366,0.222971
l2norm,4096,l40s,0.018682,0.438448
l2norm,8192,l40s,0.022209,0.737681
l2norm,16384,l40s,0.022738,1.441067
l2norm,32768,l40s,0.023692,2.766180
l2norm,65536,l40s,0.026187,5.005167
l2norm,131072,l40s,0.033810,7.753310
l2norm,262144,l40s,0.042793,12.251611
l2norm,524288,l40s,0.061009,17.187320
l2norm,1048576,l40s,0.096403,21.753978
l2norm,2097152,l40s,0.171738,24.422705
l2norm,4194304,l40s,0.314967,26.633293
l2norm,8388608,l40s,0.601835,27.876764
l2norm,16777216,l40s,1.175920,28.534628
l2norm,33554432,l40s,2.326008,28.851525
l2norm,67108864,l40s,4.619388,29.055307
l2norm,134217728,l40s,9.205881,29.159127
l2norm,268435456,l40s,18.379010,29.211090
l2norm,536870912,l40s,36.729348,29.233892
l2norm,1073741824,l40s,73.423162,29.248041
mmul,512,l40s,0.052112,5151.160370
mmul,1024,l40s,0.319606,6719.163065
mmul,2048,l40s,2.454239,7000.081283
mmul,4096,l40s,19.388475,7088.693400
mmul,8192,l40s,198.571628,5537.103360
mmul_wall,512,l40s,2.199693,122.033164
mmul_wall,1024,l40s,2.510314,855.464047
mmul_wall,2048,l40s,4.645237,3698.383517
mmul_wall,4096,l40s,21.822938,6297.912463
mmul_wall,8192,l40s,199.882342,5500.794199
times_table,512,l40s,0.007476,35.063240
times_table,1024,l40s,0.008799,119.164597
times_table,2048,l40s,0.015847,264.679631
times_table,4096,l40s,0.042399,395.698613
times_table,8192,l40s,0.146679,457.521539
times_table,16384,l40s,0.563979,475.966862
times_table,32768,l40s,2.228476,481.827923
openacc_transpose,512,l40s,0.009036,216.145464
openacc_transpose,1024,l40s,0.017521,445.897113
openacc_transpose,2048,l40s,0.052565,594.506015
openacc_transpose,4096,l40s,0.331867,376.657264
openacc_transpose,8192,l40s,1.865044,268.090155
openacc_transpose,16384,l40s,7.619630,262.479925
transpose,512,l40s,0.006542,298.559698
transpose,1024,l40s,0.008500,919.134948
transpose,2048,l40s,0.015901,1965.246641
transpose,4096,l40s,0.207243,603.156099
transpose,8192,l40s,0.945214,528.980569
transpose,16384,l40s,4.020437,497.458334
clblast_asum,512,l40s,0.014156,0.036097
clblast_asum,1024,l40s,0.014145,0.072324
clblast_asum,2048,l40s,0.014219,0.143961
clblast_asum,4096,l40s,0.014206,0.288262
clblast_asum,8192,l40s,0.014043,0.583290
clblast_asum,16384,l40s,0.014158,1.157181
clblast_asum,32768,l40s,0.014028,2.335747
clblast_asum,65536,l40s,0.014127,4.638889
clblast_asum,131072,l40s,0.014159,9.256823
clblast_asum,262144,l40s,0.014331,18.292595
clblast_asum,524288,l40s,0.015349,34.157599
clblast_asum,1048576,l40s,0.017660,59.376733
clblast_asum,2097152,l40s,0.022524,93.105747
clblast_asum,4194304,l40s,0.031958,131.242674
clblast_asum,8388608,l40s,0.052473,159.866684
clblast_asum,16777216,l40s,0.090062,186.284438
clblast_asum,33554432,l40s,0.364817,91.976044
clblast_asum,67108864,l40s,0.718898,93.349636
clblast_asum,134217728,l40s,1.430170,93.847366
clblast_asum,268435456,l40s,2.855966,93.991122
clblast_asum,536870912,l40s,5.711661,93.995580
clblast_asum,1073741824,l40s,11.425043,93.981422
clblast_transpose,512,l40s,0.009691,201.547805
clblast_transpose,1024,l40s,0.011230,695.656309
clblast_transpose,2048,l40s,0.017876,1748.135956
clblast_transpose,4096,l40s,0.260010,480.751142
clblast_transpose,8192,l40s,1.271942,393.099533
clblast_transpose,16384,l40s,5.492356,364.142425
clblast_mmul,512,l40s,0.050067,5361.552091
clblast_mmul,1024,l40s,0.267962,8014.126316
clblast_mmul,2048,l40s,0.635587,27029.924021
clblast_mmul,4096,l40s,4.819416,28517.761040
clblast_mmul,8192,l40s,43.479886,25287.822183
clblast_mmul,16384,l40s,388.656877,22632.027240
clblast_times_tables,512,l40s,0.010649,24.617377
clblast_times_tables,1024,l40s,0.012631,83.014067
clblast_times_tables,2048,l40s,0.020474,204.858387
clblast_times_tables,4096,l40s,0.052136,321.797572
clblast_times_tables,8192,l40s,1.443274,46.497668
clblast_times_tables,16384,l40s,5.999572,44.742433
clblast_times_tables,32768,l40s,23.845506,45.029106
openacc_scan,512,l40s,0.051520,0.009919
openacc_scan,1024,l40s,0.058409,0.017514
openacc_scan,2048,l40s,0.063820,0.032075
openacc_scan,4096,l40s,0.068791,0.059528
openacc_scan,8192,l40s,0.075287,0.108797
openacc_scan,16384,l40s,0.081493,0.201036
openacc_scan,32768,l40s,0.088224,0.371407
openacc_scan,65536,l40s,0.097033,0.675392
openacc_scan,131072,l40s,0.107308,1.221450
openacc_scan,262144,l40s,0.123940,2.115079
openacc_scan,524288,l40s,0.149821,3.499426
openacc_scan,1048576,l40s,0.200144,5.239106
openacc_scan,2097152,l40s,0.296488,7.073309
openacc_scan,4194304,l40s,0.492693,8.513014
openacc_scan,8388608,l40s,0.899319,9.327733
openacc_scan,16777216,l40s,1.744161,9.619077
openacc_scan,33554432,l40s,9.962550,3.368057
openacc_scan,67108864,l40s,21.268535,3.155312
openacc_scan,134217728,l40s,44.816552,2.994825
openacc_scan,268435456,l40s,94.275186,2.847361
openacc_scan,536870912,l40s,197.280471,2.721359
openacc_scan,1073741824,l40s,413.486222,2.596802
openacc_mmul,512,l40s,1.359485,197.453715
openacc_mmul,1024,l40s,11.732499,183.037195
openacc_mmul,2048,l40s,96.028478,178.903899
openacc_mmul,4096,l40s,818.113374,167.994997
openacc_times_table,512,l40s,0.007028,37.298308
openacc_times_table,1024,l40s,0.010292,101.877876
openacc_times_table,2048,l40s,0.023360,179.552737
openacc_times_table,4096,l40s,0.075763,221.443446
openacc_times_table,8192,l40s,0.460593,145.701162
openacc_times_table,16384,l40s,1.619451,165.757041
openacc_times_table,32768,l40s,6.443207,166.647105
openacc_asum,512,l40s,0.019828,0.025772
openacc_asum,1024,l40s,0.019842,0.051556
openacc_asum,2048,l40s,0.019881,0.102964
openacc_asum,4096,l40s,0.019903,0.205751
openacc_asum,8192,l40s,0.019908,0.411453
openacc_asum,16384,l40s,0.019938,0.821679
openacc_asum,32768,l40s,0.020181,1.623691
openacc_asum,65536,l40s,0.020328,3.223823
openacc_asum,131072,l40s,0.020995,6.242950
openacc_asum,262144,l40s,0.021971,11.931323
openacc_asum,524288,l40s,0.023981,21.862853
openacc_asum,1048576,l40s,0.028285,37.071699
openacc_asum,2097152,l40s,0.036495,57.464484
openacc_asum,4194304,l40s,0.054260,77.299987
openacc_asum,8388608,l40s,0.087745,95.602309
openacc_asum,16777216,l40s,0.088154,190.317498
openacc_asum,33554432,l40s,0.236157,142.085514
openacc_asum,67108864,l40s,0.429876,156.112154
openacc_asum,134217728,l40s,0.799914,167.790124
openacc_asum,268435456,l40s,1.538131,174.520500
openacc_asum,536870912,l40s,2.997424,179.110750
openacc_asum,1073741824,l40s,5.919213,181.399431
openacc_transpose,512,v100,0.013820,141.325864
openacc_transpose,1024,v100,0.029172,267.812019
openacc_transpose,2048,v100,0.091034,343.279444
openacc_transpose,4096,v100,0.344984,362.335259
openacc_transpose,8192,v100,1.698044,294.456382
openacc_transpose,16384,v100,8.017246,249.462224
asum,512,v100,0.018744,0.027261
asum,1024,v100,0.018598,0.055006
asum,2048,v100,0.018646,0.109782
asum,4096,v100,0.018715,0.218812
asum,8192,v100,0.024518,0.334087
asum,16384,v100,0.025534,0.641627
asum,32768,v100,0.027560,1.188936
asum,65536,v100,0.031424,2.085476
asum,131072,v100,0.043875,2.987394
asum,262144,v100,0.059316,4.419436
asum,524288,v100,0.089244,5.874753
asum,1048576,v100,0.149364,7.020255
asum,2097152,v100,0.275995,7.598510
asum,4194304,v100,0.515769,8.132128
asum,8388608,v100,0.997344,8.410949
asum,16777216,v100,1.784339,9.402479
asum,33554432,v100,3.527466,9.512333
asum,67108864,v100,7.015600,9.565662
asum,134217728,v100,13.992764,9.591938
asum,268435456,v100,27.945491,9.605680
asum,536870912,v100,55.865225,9.610109
asum,1073741824,v100,111.700111,9.612719
scan,512,v100,0.035527,0.014383
scan,1024,v100,0.041221,0.024817
scan,2048,v100,0.046480,0.044040
scan,4096,v100,0.053309,0.076817
scan,8192,v100,0.062162,0.131769
scan,16384,v100,0.077957,0.210154
scan,32768,v100,0.106761,0.306919
scan,65536,v100,0.160844,0.407444
scan,131072,v100,0.272274,0.481394
scan,262144,v100,0.504891,0.519208
scan,524288,v100,0.988744,0.530255
scan,1048576,v100,2.008224,0.522140
scan,2097152,v100,3.770276,0.556233
scan,4194304,v100,7.864083,0.533349
scan,8388608,v100,16.454299,0.509812
scan,16777216,v100,34.449081,0.487015
scan,33554432,v100,72.075629,0.465545
scan,67108864,v100,150.593698,0.445629
scan,134217728,v100,314.161376,0.427225
scan,268435456,v100,654.368933,0.410220
add,512,v100,0.008964,0.057115
add,1024,v100,0.007577,0.135154
add,2048,v100,0.007665,0.267175
add,4096,v100,0.007757,0.528042
add,8192,v100,0.008151,1.005057
add,16384,v100,0.009408,1.741431
add,32768,v100,0.011116,2.947696
add,65536,v100,0.014498,4.520403
add,131072,v100,0.021449,6.110988
add,262144,v100,0.035430,7.398864
add,524288,v100,0.063714,8.228741
add,1048576,v100,0.120554,8.697944
add,2097152,v100,0.232573,9.017159
add,4194304,v100,0.459352,9.130912
add,8388608,v100,0.909243,9.225927
add,16777216,v100,1.748269,9.596474
add,33554432,v100,3.277430,10.238032
add,67108864,v100,6.548550,10.247897
add,134217728,v100,13.089456,10.253881
add,268435456,v100,26.173391,10.256044
add,536870912,v100,52.348186,10.255769
add,1073741824,v100,104.690697,10.256325
l2norm,512,v100,0.028515,0.035875
l2norm,1024,v100,0.026295,0.077847
l2norm,2048,v100,0.026257,0.155959
l2norm,4096,v100,0.026177,0.312911
l2norm,8192,v100,0.032598,0.502576
l2norm,16384,v100,0.034648,0.945701
l2norm,32768,v100,0.041565,1.576689
l2norm,65536,v100,0.047012,2.788037
l2norm,131072,v100,0.065350,4.011359
l2norm,262144,v100,0.095564,5.486212
l2norm,524288,v100,0.153828,6.816522
l2norm,1048576,v100,0.270527,7.752083
l2norm,2097152,v100,0.508869,8.242396
l2norm,4194304,v100,0.974979,8.603884
l2norm,8388608,v100,1.907540,8.795210
l2norm,16777216,v100,3.425174,9.796418
l2norm,33554432,v100,6.803204,9.864302
l2norm,67108864,v100,13.563511,9.895500
l2norm,134217728,v100,27.082066,9.911927
l2norm,268435456,v100,54.130647,9.918058
l2norm,536870912,v100,108.220235,9.921821
l2norm,1073741824,v100,216.369067,9.925095
mmul,512,v100,0.106548,2519.376893
mmul,1024,v100,0.750948,2859.698702
mmul,2048,v100,5.259126,3266.677765
mmul,4096,v100,41.293145,3328.372135
mmul,8192,v100,351.946457,3124.087786
mmul_wall,512,v100,3.070159,87.433742
mmul_wall,1024,v100,3.496649,614.154750
mmul_wall,2048,v100,8.145915,2109.016601
mmul_wall,4096,v100,44.520686,3087.080763
mmul_wall,8192,v100,355.346057,3094.199603
times_table,512,v100,0.008958,29.263309
times_table,1024,v100,0.014351,73.068810
times_table,2048,v100,0.036546,114.768252
times_table,4096,v100,0.122007,137.509832
times_table,8192,v100,0.460673,145.675738
times_table,16384,v100,1.724732,155.638914
times_table,32768,v100,6.550477,163.918117
transpose,512,v100,0.010153,192.360308
transpose,1024,v100,0.019469,401.269888
transpose,2048,v100,0.049704,628.727297
transpose,4096,v100,0.174627,715.812038
transpose,8192,v100,0.779187,641.694214
transpose,16384,v100,3.722853,537.222339
clblast_asum,512,v100,0.029476,0.017336
clblast_asum,1024,v100,0.026986,0.037908
clblast_asum,2048,v100,0.026783,0.076428
clblast_asum,4096,v100,0.027110,0.151052
clblast_asum,8192,v100,0.026601,0.307919
clblast_asum,16384,v100,0.029629,0.552939
clblast_asum,32768,v100,0.026653,1.229386
clblast_asum,65536,v100,0.026738,2.451051
clblast_asum,131072,v100,0.026512,4.943781
clblast_asum,262144,v100,0.026782,9.787888
clblast_asum,524288,v100,0.026899,19.491237
clblast_asum,1048576,v100,0.027765,37.765772
clblast_asum,2097152,v100,0.036057,58.161479
clblast_asum,4194304,v100,0.045946,91.288294
clblast_asum,8388608,v100,0.065939,127.217945
clblast_asum,16777216,v100,0.104183,161.035547
clblast_asum,33554432,v100,0.180354,186.047809
clblast_asum,67108864,v100,0.334207,200.800100
clblast_asum,134217728,v100,0.641150,209.339109
clblast_asum,268435456,v100,1.256222,213.684662
clblast_asum,536870912,v100,2.509167,213.963832
clblast_asum,1073741824,v100,5.114310,209.948518
clblast_transpose,512,v100,0.016334,119.576741
clblast_transpose,1024,v100,0.024030,325.119135
clblast_transpose,2048,v100,0.056091,557.126434
clblast_transpose,4096,v100,0.180464,692.659684
clblast_transpose,8192,v100,0.678196,737.250137
clblast_transpose,16384,v100,2.690315,743.407376
clblast_mmul,512,v100,0.093441,2872.770499
clblast_mmul,1024,v100,0.472782,4542.231729
clblast_mmul,2048,v100,1.869580,9189.158148
clblast_mmul,4096,v100,12.663245,10853.375260
clblast_mmul,8192,v100,101.896314,10790.494661
clblast_mmul,16384,v100,780.113429,11275.402644
clblast_times_tables,512,v100,0.017683,14.824635
clblast_times_tables,1024,v100,0.019992,52.450158
clblast_times_tables,2048,v100,0.059701,70.255728
clblast_times_tables,4096,v100,0.193528,86.691380
clblast_times_tables,8192,v100,0.675044,99.414057
clblast_times_tables,16384,v100,2.665596,100.703742
clblast_times_tables,32768,v100,10.658336,100.741975
openacc_scan,512,v100,0.073672,0.006936
openacc_scan,1024,v100,0.079514,0.012866
openacc_scan,2048,v100,0.090481,0.022624
openacc_scan,4096,v100,0.096856,0.042279
openacc_scan,8192,v100,0.106098,0.077202
openacc_scan,16384,v100,0.118923,0.137761
openacc_scan,32768,v100,0.125049,0.262033
openacc_scan,65536,v100,0.140350,0.466941
openacc_scan,131072,v100,0.168043,0.779983
openacc_scan,262144,v100,0.208544,1.257015
openacc_scan,524288,v100,0.266408,1.967986
openacc_scan,1048576,v100,0.402396,2.605831
openacc_scan,2097152,v100,0.707943,2.962314
openacc_scan,4194304,v100,1.292587,3.244890
openacc_scan,8388608,v100,2.513776,3.337054
openacc_scan,16777216,v100,5.032254,3.333937
openacc_scan,33554432,v100,10.375508,3.234004
openacc_scan,67108864,v100,21.435145,3.130786
openacc_scan,134217728,v100,44.599742,3.009383
openacc_scan,268435456,v100,92.821320,2.891959
openacc_scan,536870912,v100,193.060777,2.780839
openacc_scan,1073741824,v100,401.297043,2.675678
openacc_mmul,512,v100,2.442008,109.924082
openacc_mmul,1024,v100,19.430993,110.518471
openacc_mmul,2048,v100,152.414966,112.717732
openacc_mmul,4096,v100,1316.523772,104.395345
openacc_times_table,512,v100,0.011971,21.897956
openacc_times_table,1024,v100,0.022995,45.600745
openacc_times_table,2048,v100,0.065910,63.636727
openacc_times_table,4096,v100,0.216717,77.415150
openacc_times_table,8192,v100,0.828695,80.981352
openacc_times_table,16384,v100,3.284818,81.720039
openacc_times_table,32768,v100,13.104614,81.936169
openacc_asum,512,v100,0.030135,0.016957
openacc_asum,1024,v100,0.032408,0.031567
openacc_asum,2048,v100,0.029963,0.068317
openacc_asum,4096,v100,0.031981,0.128047
openacc_asum,8192,v100,0.029952,0.273475
openacc_asum,16384,v100,0.030223,0.542067
openacc_asum,32768,v100,0.030905,1.060254
openacc_asum,65536,v100,0.031491,2.081068
openacc_asum,131072,v100,0.032482,4.035241
openacc_asum,262144,v100,0.035781,7.326363
openacc_asum,524288,v100,0.039992,13.109637
openacc_asum,1048576,v100,0.050275,20.856935
openacc_asum,2097152,v100,0.073351,28.590604
openacc_asum,4194304,v100,0.118966,35.256317
openacc_asum,8388608,v100,0.210159,39.915527
openacc_asum,16777216,v100,0.215167,77.972854
openacc_asum,33554432,v100,0.279515,120.045034
openacc_asum,67108864,v100,0.440889,152.212466
openacc_asum,134217728,v100,0.759362,176.750586
openacc_asum,268435456,v100,1.433460,187.264000
openacc_asum,536870912,v100,2.752057,195.079865
openacc_asum,1073741824,v100,5.239843,204.918716
